{"\u5317\u4eac\u5e02": [116.40717, 39.90469], "\u5929\u6d25\u5e02": [117.19937, 39.0851], "\u4e0a\u6d77\u5e02": [121.4737, 31.23037], "\u91cd\u5e86\u5e02": [106.55073, 29.56471], "\u9999\u6e2f": [114.16546, 22.27534], "\u6fb3\u95e8": [113.54913, 22.19875], "\u77f3\u5bb6\u5e84\u5e02": [114.5143, 38.04276], "\u5510\u5c71\u5e02": [118.18058, 39.63048], "\u79e6\u7687\u5c9b\u5e02": [119.59964, 39.93545], "\u90af\u90f8\u5e02": [114.53918, 36.62556], "\u90a2\u53f0\u5e02": [114.50443, 37.07055], "\u4fdd\u5b9a\u5e02": [115.46459, 38.87396], "\u5f20\u5bb6\u53e3\u5e02": [114.88755, 40.82444], "\u627f\u5fb7\u5e02": [117.9634, 40.9515], "\u6ca7\u5dde\u5e02": [116.83869, 38.30441], "\u5eca\u574a\u5e02": [116.68376, 39.53775], "\u8861\u6c34\u5e02": [115.67054, 37.73886], "\u90d1\u5dde\u5e02": [113.62493, 34.74725], "\u5f00\u5c01\u5e02": [114.30731000000002, 34.797259999999994], "\u6d1b\u9633\u5e02": [112.45361, 34.618120000000005], "\u5e73\u9876\u5c71\u5e02": [113.19241, 33.766090000000005], "\u5b89\u9633\u5e02": [114.3931, 36.09771], "\u9e64\u58c1\u5e02": [114.29745, 35.747], "\u65b0\u4e61\u5e02": [113.92675, 35.30323], "\u7126\u4f5c\u5e02": [113.24201, 35.21563], "\u6fee\u9633\u5e02": [115.02932, 35.76189], "\u8bb8\u660c\u5e02": [113.85233, 34.0357], "\u6f2f\u6cb3\u5e02": [114.01681, 33.58149], "\u4e09\u95e8\u5ce1\u5e02": [111.2003, 34.77261], "\u5357\u9633\u5e02": [112.52851, 32.99073], "\u5546\u4e18\u5e02": [115.65635, 34.41427], "\u4fe1\u9633\u5e02": [114.09279, 32.14714], "\u5468\u53e3\u5e02": [114.69695, 33.62583], "\u9a7b\u9a6c\u5e97\u5e02": [114.02299, 33.01142], "\u6d4e\u5357\u5e02": [117.12009, 36.65184], "\u9752\u5c9b\u5e02": [120.38299, 36.06623], "\u6dc4\u535a\u5e02": [118.0548, 36.8131], "\u67a3\u5e84\u5e02": [117.32196, 34.81071], "\u4e1c\u8425\u5e02": [118.67466, 37.43365], "\u70df\u53f0\u5e02": [121.44801, 37.46353], "\u6f4d\u574a\u5e02": [119.16176000000002, 36.70686], "\u6d4e\u5b81\u5e02": [116.58724, 35.41459000000001], "\u6cf0\u5b89\u5e02": [117.0884, 36.19994000000001], "\u5a01\u6d77\u5e02": [122.12171, 37.51348], "\u65e5\u7167\u5e02": [119.52719, 35.41646], "\u83b1\u829c\u5e02": [117.67667, 36.21359], "\u4e34\u6c82\u5e02": [118.35646, 35.10465], "\u5fb7\u5dde\u5e02": [116.35927, 37.4355], "\u804a\u57ce\u5e02": [115.98548999999998, 36.45702], "\u6ee8\u5dde\u5e02": [117.97279, 37.38211], "\u83cf\u6cfd\u5e02": [115.48115, 35.23363], "\u592a\u539f\u5e02": [112.556252, 37.876876], "\u5927\u540c\u5e02": [113.304424, 40.081863], "\u9633\u6cc9\u5e02": [113.58047, 37.85668], "\u957f\u6cbb\u5e02": [113.11648999999998, 36.19581], "\u664b\u57ce\u5e02": [112.85113, 35.49039000000001], "\u6714\u5dde\u5e02": [112.439374, 39.357422], "\u664b\u4e2d\u5e02": [112.75278, 37.68702], "\u8fd0\u57ce\u5e02": [111.00699, 35.02628], "\u5ffb\u5dde\u5e02": [112.73418, 38.4167], "\u4e34\u6c7e\u5e02": [111.51962, 36.08822], "\u5415\u6881\u5e02": [111.14165, 37.51934], "\u6c88\u9633\u5e02": [123.4631, 41.67718], "\u5927\u8fde\u5e02": [121.61476, 38.91369], "\u978d\u5c71\u5e02": [122.9946, 41.10777], "\u629a\u987a\u5e02": [123.95722, 41.87971], "\u672c\u6eaa\u5e02": [123.76686, 41.29413], "\u4e39\u4e1c\u5e02": [124.35601, 39.9998], "\u9526\u5dde\u5e02": [121.12703, 41.09515], "\u8425\u53e3\u5e02": [122.2349, 40.66683], "\u961c\u65b0\u5e02": [121.67011, 42.02166], "\u8fbd\u9633\u5e02": [123.23736, 41.26809], "\u76d8\u9526\u5e02": [122.07078, 41.11996], "\u94c1\u5cad\u5e02": [123.84241000000002, 42.2862], "\u671d\u9633\u5e02": [120.4508, 41.57347], "\u846b\u82a6\u5c9b\u5e02": [120.83699, 40.711], "\u957f\u6625\u5e02": [125.32357, 43.81602], "\u5409\u6797\u5e02": [126.54944, 43.83784], "\u56db\u5e73\u5e02": [124.35036, 43.16646], "\u8fbd\u6e90\u5e02": [125.14368, 42.88805], "\u901a\u5316\u5e02": [125.9399, 41.72829], "\u767d\u5c71\u5e02": [126.42443, 41.9408], "\u677e\u539f\u5e02": [124.82515, 45.1411], "\u767d\u57ce\u5e02": [122.83871, 45.6196], "\u5ef6\u8fb9\u671d\u9c9c\u65cf\u81ea\u6cbb\u5dde": [129.5091, 42.89119], "\u54c8\u5c14\u6ee8\u5e02": [126.5358, 45.80216], "\u9f50\u9f50\u54c8\u5c14\u5e02": [123.91796, 47.35431], "\u9e21\u897f\u5e02": [130.96954, 45.29524], "\u9e64\u5c97\u5e02": [130.29785, 47.34989], "\u53cc\u9e2d\u5c71\u5e02": [131.1591, 46.64658], "\u5927\u5e86\u5e02": [125.110961, 46.595319], "\u4f0a\u6625\u5e02": [128.84049, 47.72752], "\u4f73\u6728\u65af\u5e02": [130.31882, 46.79977], "\u4e03\u53f0\u6cb3\u5e02": [131.00306, 45.77065], "\u7261\u4e39\u6c5f\u5e02": [129.63244, 44.55269000000001], "\u9ed1\u6cb3\u5e02": [127.52852, 50.24523], "\u7ee5\u5316\u5e02": [126.96932, 46.65246], "\u5927\u5174\u5b89\u5cad\u5730\u533a": [124.59216, 51.92398], "\u5357\u4eac\u5e02": [118.79647, 32.05838], "\u65e0\u9521\u5e02": [120.31237, 31.490990000000004], "\u5f90\u5dde\u5e02": [117.28577, 34.2044], "\u5e38\u5dde\u5e02": [119.97365, 31.81072], "\u82cf\u5dde\u5e02": [120.58319, 31.298340000000003], "\u5357\u901a\u5e02": [120.89371, 31.97958], "\u8fde\u4e91\u6e2f\u5e02": [119.22295, 34.59669], "\u6dee\u5b89\u5e02": [119.01595, 33.61016], "\u76d0\u57ce\u5e02": [120.16164, 33.349509999999995], "\u626c\u5dde\u5e02": [119.41269, 32.39358], "\u9547\u6c5f\u5e02": [119.425, 32.18959], "\u6cf0\u5dde\u5e02": [119.92553999999998, 32.455459999999995], "\u5bbf\u8fc1\u5e02": [118.27549, 33.961929999999995], "\u676d\u5dde\u5e02": [120.15515, 30.27415], "\u5b81\u6ce2\u5e02": [121.55027, 29.87386], "\u6e29\u5dde\u5e02": [120.69939, 27.99492], "\u5609\u5174\u5e02": [120.7555, 30.74501], "\u6e56\u5dde\u5e02": [120.08805, 30.89305], "\u7ecd\u5174\u5e02": [120.5802, 30.03033], "\u91d1\u534e\u5e02": [119.64759, 29.07812], "\u8862\u5dde\u5e02": [118.87418999999998, 28.93592], "\u821f\u5c71\u5e02": [122.20778, 29.98539], "\u53f0\u5dde\u5e02": [121.42056, 28.65611], "\u4e3d\u6c34\u5e02": [119.92293, 28.4672], "\u5408\u80a5\u5e02": [117.22901, 31.82057], "\u829c\u6e56\u5e02": [118.43313, 31.35246], "\u868c\u57e0\u5e02": [117.38932, 32.91548], "\u6dee\u5357\u5e02": [116.9998, 32.62549], "\u9a6c\u978d\u5c71\u5e02": [118.50611, 31.67067], "\u6dee\u5317\u5e02": [116.79834, 33.95479], "\u94dc\u9675\u5e02": [117.81232, 30.94486], "\u5b89\u5e86\u5e02": [117.06354, 30.54294], "\u9ec4\u5c71\u5e02": [118.33866, 29.71517], "\u6ec1\u5dde\u5e02": [118.31683, 32.30181], "\u961c\u9633\u5e02": [115.81495, 32.88963], "\u5bbf\u5dde\u5e02": [116.96391, 33.64614], "\u516d\u5b89\u5e02": [116.52324, 31.73488], "\u4eb3\u5dde\u5e02": [115.77931, 33.84461], "\u6c60\u5dde\u5e02": [117.49142, 30.664690000000004], "\u5ba3\u57ce\u5e02": [118.75866, 30.94078], "\u798f\u5dde\u5e02": [119.29647, 26.07421], "\u53a6\u95e8\u5e02": [118.08948, 24.47951], "\u8386\u7530\u5e02": [119.00771, 25.454], "\u4e09\u660e\u5e02": [117.63922, 26.26385], "\u6cc9\u5dde\u5e02": [118.67587, 24.87389], "\u6f33\u5dde\u5e02": [117.64725, 24.51347], "\u5357\u5e73\u5e02": [118.12043, 27.33175], "\u9f99\u5ca9\u5e02": [117.01722, 25.07504], "\u5b81\u5fb7\u5e02": [119.54819, 26.66571], "\u5357\u660c\u5e02": [115.85794, 28.68202], "\u666f\u5fb7\u9547\u5e02": [117.17839, 29.268690000000007], "\u840d\u4e61\u5e02": [113.85427, 27.62289], "\u4e5d\u6c5f\u5e02": [116.00146, 29.70548], "\u65b0\u4f59\u5e02": [114.91713, 27.81776], "\u9e70\u6f6d\u5e02": [117.06919, 28.26019], "\u8d63\u5dde\u5e02": [114.93476, 25.83109], "\u5409\u5b89\u5e02": [114.99376, 27.11382], "\u5b9c\u6625\u5e02": [114.41612, 27.81443], "\u629a\u5dde\u5e02": [116.35809, 27.94781], "\u4e0a\u9976\u5e02": [117.94357, 28.45463], "\u6b66\u6c49\u5e02": [114.30525, 30.59276], "\u9ec4\u77f3\u5e02": [115.0389, 30.19953], "\u5341\u5830\u5e02": [110.79801, 32.62918], "\u5b9c\u660c\u5e02": [111.28642, 30.69186], "\u8944\u9633\u5e02": [112.12255, 32.009], "\u9102\u5dde\u5e02": [114.89495, 30.39085], "\u8346\u95e8\u5e02": [112.19945, 31.03546], "\u5b5d\u611f\u5e02": [113.91645, 30.92483], "\u8346\u5dde\u5e02": [112.24069, 30.33479], "\u9ec4\u5188\u5e02": [114.87238, 30.453470000000006], "\u54b8\u5b81\u5e02": [114.32245, 29.84126], "\u968f\u5dde\u5e02": [113.38262, 31.69013],