{"NodeCoor": [[118.67466, 37.43365], [105.19676, 37.50026], [118.35646, 35.10465], [100.2271, 26.85648], [116.00146, 29.70548], [112.04453, 22.91525], [115.77931, 33.84461], [128.84049, 47.72752], [99.16181, 25.11205], [76.16660999999998, 39.7153], [116.52324, 31.73488], [122.03818, 46.08208], [118.12043, 27.33175], [115.85794, 28.68202], [112.52851, 32.99073], [121.42056, 28.65611], [79.92246999999998, 37.11431], [126.5358, 45.80216], [120.7555, 30.74501], [106.24259, 36.0158], [82.98046, 46.74532], [124.59216, 51.92398], [121.61476, 38.91369], [122.12171, 37.51348], [111.99458, 27.69728], [119.54819, 26.66571], [104.62524, 35.58113], [111.28642, 30.69186], [118.75866, 30.94078], [113.12919, 29.35728], [113.19241, 33.766090000000005], [105.84357, 32.43549], [106.63322, 30.45596], [107.64292, 35.70978], [116.68376, 39.53775], [114.88755, 40.82444], [110.47839, 29.116670000000006], [117.28577, 34.2044], [112.73418, 38.4167], [110.0016, 27.569740000000003], [117.9634, 40.9515], [116.35809, 27.94781], [123.95722, 41.87971], [113.92675, 35.30323], [114.91713, 27.81776], [102.83322, 24.87966], [112.75278, 37.68702], [100.96624, 22.82521], [117.17839, 29.268690000000007], [103.79625, 25.49002], [112.439374, 39.357422], [117.32196, 34.81071], [110.29002, 25.27361], [107.02377, 33.067609999999995], [113.08161, 22.57865], [116.83869, 38.30441], [117.0884, 36.19994000000001], [119.92553999999998, 32.455459999999995], [112.45361, 34.618120000000005], [117.12009, 36.65184], [116.79834, 33.95479], [113.05615, 23.68201], [120.08805, 30.89305], [112.94411, 27.82975], [119.16176000000002, 36.70686], [115.02932, 35.76189], [113.24201, 35.21563], [126.42443, 41.9408], [112.35516, 28.55391], [120.16164, 33.349509999999995], [120.5802, 30.03033], [126.96932, 46.65246], [115.98548999999998, 36.45702], [112.46528, 23.0469], [104.77844, 29.3392], [118.43313, 31.35246], [120.58319, 31.298340000000003], [112.19945, 31.03546], [120.83699, 40.711], [114.93476, 25.83109], [111.00699, 35.02628], [119.22295, 34.59669], [122.24469, 43.65247], [114.53918, 36.62556], [119.64759, 29.07812], [102.18759, 38.52006], [108.65431, 21.9797], [123.84241000000002, 42.2862], [108.94515, 34.89673], [116.04775, 43.9332], [113.11648999999998, 36.19581], [121.67011, 42.02166], [88.14023, 47.84564], [104.92166, 33.400999999999996], [118.50611, 31.67067], [118.33866, 29.71517], [115.0389, 30.19953], [123.91796, 47.35431], [117.01722, 25.07504]], "Demand": [494, 924, 495, 682, 818, 919, 924, 766, 492, 925, 589, 884, 825, 677, 877, 688, 424, 514, 530, 489, 867, 930, 496, 696, 756, 939, 721, 518, 654, 740, 432, 933, 893, 997, 826, 855, 797, 786, 780, 774, 819, 596, 958, 400, 664, 739, 416, 520, 469, 610, 443, 655, 525, 466, 744, 655, 985, 797, 444, 435, 991, 824, 486, 662, 887, 839, 642, 402, 484, 403, 504, 643, 595, 574, 748, 852, 411, 603, 888, 977, 694, 709, 640, 585, 459, 609, 802, 716, 970, 776, 884, 612, 622, 972, 615, 706, 637, 566, 888], "center": [[108, 33], [119, 40], [111, 24]], "MaxLoad": 4000, "ServiceTime": 1}