{"NodeCoor": [[109.51209, 18.25248], [117.63922, 26.26385], [111.2003, 34.77261], [117.94357, 28.45463], [118.67466, 37.43365], [113.13376, 40.99391], [103.76539, 29.55221], [104.83023, 26.59336], [122.03818, 46.08208], [105.05844, 29.58015], [109.12008, 21.48112], [110.79801, 32.62918], [106.11073, 30.83731], [115.85794, 28.68202], [112.52851, 32.99073], [121.42056, 28.65611], [117.22901, 31.82057], [114.99376, 27.11382], [111.14165, 37.51934], [114.69695, 33.62583], [109.94041, 33.87036], [120.7555, 30.74501], [113.304424, 40.081863], [105.72486, 34.58085], [111.99458, 27.69728], [113.91645, 30.92483], [119.54819, 26.66571], [114.3931, 36.09771], [104.6417, 28.7513], [119.97365, 31.81072], [105.84357, 32.43549], [106.63322, 30.45596], [114.88755, 40.82444], [110.47839, 29.116670000000006], [110.0016, 27.569740000000003], [104.06476, 30.5702], [116.35809, 27.94781], [116.37271, 23.54972], [114.91713, 27.81776], [112.75278, 37.68702], [100.96624, 22.82521], [117.17839, 29.268690000000007], [123.76686, 41.29413], [110.29002, 25.27361], [109.73458, 38.2852], [116.68221, 23.3535], [113.08161, 22.57865], [117.49142, 30.664690000000004], [114.70065, 23.74365], [112.45361, 34.618120000000005], [116.58724, 35.41459000000001], [118.0548, 36.8131], [109.51015, 34.499970000000005], [112.94411, 27.82975], [110.35894, 21.27134], [117.97279, 37.38211], [114.01681, 33.58149], [116.62296, 23.6567], [115.02932, 35.76189], [122.83871, 45.6196], [104.13773, 36.5447], [114.5143, 38.04276], [126.96932, 46.65246], [118.43313, 31.35246], [120.58319, 31.298340000000003], [110.92523, 21.66329], [112.24069, 30.33479], [115.48115, 35.23363], [113.85427, 27.62289], [122.2349, 40.66683], [120.83699, 40.711], [117.38932, 32.91548], [118.87418999999998, 28.93592], [112.12255, 32.009], [101.77782, 36.61729], [108.93984, 34.34127], [114.93476, 25.83109], [118.88894, 42.2586], [125.14368, 42.88805], [123.23736, 41.26809], [105.59273, 30.53286], [114.53918, 36.62556], [111.4677, 27.2389], [113.01485, 25.77063], [109.78087, 39.60845], [114.89495, 30.39085], [98.49394, 39.73255], [108.65431, 21.9797], [109.18099, 27.69066], [116.04775, 43.9332], [119.425, 32.18959], [125.32357, 43.81602], [112.93886, 28.22778], [113.11648999999998, 36.19581], [115.81495, 32.88963], [111.98256, 21.85829], [80.26008, 41.16842000000001], [81.1454, 30.40051], [120.38299, 36.06623], [118.50611, 31.67067], [114.02299, 33.01142], [118.33866, 29.71517], [127.52852, 50.24523], [117.01722, 25.07504]], "Demand": [30, 27, 23, 20, 29, 19, 21, 13, 19, 13, 10, 30, 20, 22, 15, 15, 18, 24, 18, 10, 26, 25, 22, 12, 23, 18, 16, 17, 14, 13, 14, 26, 24, 14, 15, 19, 21, 26, 25, 14, 28, 30, 14, 29, 22, 19, 30, 28, 29, 24, 21, 30, 30, 29, 22, 15, 27, 14, 17, 29, 29, 15, 10, 16, 29, 25, 15, 14, 26, 13, 11, 30, 28, 22, 12, 12, 16, 19, 28, 28, 12, 20, 10, 18, 12, 12, 25, 22, 18, 23, 26, 21, 18, 30, 23, 10, 26, 27, 16, 12, 26, 21, 13, 13], "center": [[108, 33], [119, 40], [111, 24]], "MaxLoad": 80, "ServiceTime": 1}